filename,words
1.jpg,023103
2.jpg,930042
3.jpg,121234
4.jpg,866204
5.jpg,289804
6.jpg,939970
7.jpg,129024
8.jpg,154970
9.jpg,361322
10.jpg,163653
11.jpg,734435
12.jpg,222340
13.jpg,107115
14.jpg,047986
15.jpg,930648
16.jpg,130836
17.jpg,007245
18.jpg,427896
19.jpg,178914
20.jpg,805856
21.jpg,344346
22.jpg,200913
23.jpg,313007
24.jpg,001902
25.jpg,024556
26.jpg,114260
27.jpg,009231
28.jpg,193919
29.jpg,847791
30.jpg,079440
31.jpg,401716
32.jpg,698629
33.jpg,870344
34.jpg,028092
35.jpg,606596
36.jpg,406907
37.jpg,825390
38.jpg,220684
39.jpg,016485
40.jpg,754922
41.jpg,598515
42.jpg,830639
43.jpg,112830
44.jpg,564562
45.jpg,283562
46.jpg,191312
47.jpg,678977
48.jpg,613193
49.jpg,256185
50.jpg,912229
51.jpg,212970
52.jpg,480835
53.jpg,607872
54.jpg,909768
55.jpg,452213
56.jpg,972963
57.jpg,915520
58.jpg,225996
59.jpg,852946
60.jpg,122566
61.jpg,202125
62.jpg,784188
63.jpg,614533
64.jpg,754203
65.jpg,051122
66.jpg,079486
67.jpg,223922
68.jpg,438339
69.jpg,183737
70.jpg,068398
71.jpg,936633
72.jpg,796426
73.jpg,519728
74.jpg,792107
75.jpg,735490
76.jpg,627920
77.jpg,250375
78.jpg,326828
79.jpg,349414
80.jpg,120634
81.jpg,042860
82.jpg,498621
83.jpg,925524
84.jpg,739993
85.jpg,782600
86.jpg,981370
87.jpg,488597
88.jpg,854384
89.jpg,988364
90.jpg,555903
91.jpg,961445
92.jpg,016122
93.jpg,302500
94.jpg,078673
95.jpg,170566
96.jpg,374514
97.jpg,843967
98.jpg,080372
99.jpg,256185
100.jpg,892997
101.jpg,276202
102.jpg,711902
103.jpg,350754
104.jpg,772437
105.jpg,049638
106.jpg,848404
107.jpg,923305
108.jpg,455801
109.jpg,631980
110.jpg,217963
111.jpg,939503
112.jpg,665128
113.jpg,511918
114.jpg,979597
115.jpg,754735
116.jpg,093977
117.jpg,793674
118.jpg,626500
119.jpg,148730
120.jpg,130581
121.jpg,180233
122.jpg,096564
123.jpg,701874
124.jpg,691447
125.jpg,184945
126.jpg,846417
127.jpg,917122
128.jpg,458017
129.jpg,693417
130.jpg,950383
131.jpg,192125
132.jpg,512015
133.jpg,461077
134.jpg,059967
135.jpg,443001
136.jpg,199497
137.jpg,279299
138.jpg,167433
139.jpg,710033
140.jpg,331789
141.jpg,624809
142.jpg,880270
143.jpg,518813
144.jpg,834512
145.jpg,142288
146.jpg,335202
147.jpg,783147
148.jpg,088338
149.jpg,505816
150.jpg,562926
151.jpg,068919
152.jpg,206455
153.jpg,018733
154.jpg,955985
155.jpg,139913
156.jpg,275452
157.jpg,719992
158.jpg,750742
159.jpg,628369
160.jpg,343820
161.jpg,369008
162.jpg,650847
163.jpg,296469
164.jpg,396133
165.jpg,080217
166.jpg,067584
167.jpg,577364
168.jpg,842770
169.jpg,299009
170.jpg,444760
171.jpg,398797
172.jpg,913749
173.jpg,511937
174.jpg,248107
175.jpg,663233
176.jpg,012910
177.jpg,378210
178.jpg,476981
179.jpg,040081
180.jpg,152670
181.jpg,436762
182.jpg,707331
183.jpg,234323
184.jpg,271418
185.jpg,572973
186.jpg,338260
187.jpg,417167
188.jpg,417313
189.jpg,111793
190.jpg,915958
191.jpg,877820
192.jpg,723571
193.jpg,725972
194.jpg,016975
195.jpg,755345
196.jpg,261686
197.jpg,508285
198.jpg,218555
199.jpg,550443
200.jpg,601687
201.jpg,619202
202.jpg,449541
203.jpg,654906
204.jpg,402658
205.jpg,661279
206.jpg,232577
207.jpg,526225
208.jpg,924575
209.jpg,911337
210.jpg,245959
211.jpg,887019
212.jpg,430593
213.jpg,064115
214.jpg,690598
215.jpg,150832
216.jpg,843475
217.jpg,823784
218.jpg,366764
219.jpg,066714
220.jpg,316824
221.jpg,093063
222.jpg,344006
223.jpg,883592
224.jpg,731297
225.jpg,577308
226.jpg,230065
227.jpg,589045
228.jpg,702618
229.jpg,780390
230.jpg,710073
231.jpg,383268
232.jpg,422640
233.jpg,971374
234.jpg,810353
235.jpg,713101
236.jpg,933613
237.jpg,545177
238.jpg,011381
239.jpg,578707
240.jpg,193646
241.jpg,680073
242.jpg,055354
243.jpg,641535
244.jpg,704496
245.jpg,707849
246.jpg,780651
247.jpg,172246
248.jpg,377750
249.jpg,213580
250.jpg,674143
251.jpg,592880
252.jpg,855768
253.jpg,937821
254.jpg,854249
255.jpg,326689
256.jpg,920909
257.jpg,769416
258.jpg,467262
259.jpg,679924
260.jpg,058879
261.jpg,240153
262.jpg,170129
263.jpg,896737
264.jpg,525563
265.jpg,261436
266.jpg,479293
267.jpg,659456
268.jpg,557544
269.jpg,851020
270.jpg,642630
271.jpg,409129
272.jpg,659296
273.jpg,311186
274.jpg,464818
275.jpg,367179
276.jpg,356636
277.jpg,711920
278.jpg,009631
279.jpg,801616
280.jpg,615218
281.jpg,557127
282.jpg,979515
283.jpg,241450
284.jpg,767414
285.jpg,546888
286.jpg,373415
287.jpg,977151
288.jpg,457505
289.jpg,856184
290.jpg,026532
291.jpg,331155
292.jpg,113604
293.jpg,442905
294.jpg,252483
295.jpg,481370
296.jpg,340079
297.jpg,966655
298.jpg,073226
299.jpg,936392
300.jpg,860331
301.jpg,021056
302.jpg,187303
303.jpg,351147
304.jpg,412082
305.jpg,667562
306.jpg,761222
307.jpg,164539
308.jpg,954203
309.jpg,401953
310.jpg,695784
311.jpg,874531
312.jpg,580825
313.jpg,643528
314.jpg,118508
315.jpg,867009
316.jpg,185150
317.jpg,225642
318.jpg,041366
319.jpg,640335
320.jpg,977198
321.jpg,764135
322.jpg,734811
323.jpg,934328
324.jpg,151390
325.jpg,815574
326.jpg,131341
327.jpg,896631
328.jpg,499924
329.jpg,552537
330.jpg,682620
331.jpg,786071
332.jpg,488919
333.jpg,910515
334.jpg,171574
335.jpg,059309
336.jpg,814884
337.jpg,035426
338.jpg,932865
339.jpg,767941
340.jpg,629119
341.jpg,927610
342.jpg,051958
343.jpg,269140
344.jpg,390572
345.jpg,121915
346.jpg,436594
347.jpg,649203
348.jpg,953757
349.jpg,994656
350.jpg,339473
351.jpg,149941
352.jpg,739078
353.jpg,232703
354.jpg,499618
355.jpg,689256
356.jpg,701196
357.jpg,657619
358.jpg,719243
359.jpg,771025
360.jpg,967060
361.jpg,959726
362.jpg,185594
363.jpg,790734
364.jpg,846369
365.jpg,744072
366.jpg,000433
367.jpg,142739
368.jpg,217730
369.jpg,376342
370.jpg,263559
371.jpg,949399
372.jpg,569532
373.jpg,155428
374.jpg,444191
375.jpg,145180
376.jpg,345387
377.jpg,831539
378.jpg,552163
379.jpg,764313
380.jpg,446957
381.jpg,484221
382.jpg,423722
383.jpg,238347
384.jpg,966123
385.jpg,788616
386.jpg,730572
387.jpg,209065
388.jpg,974560
389.jpg,707944
390.jpg,760239
391.jpg,480873
392.jpg,320599
393.jpg,575841
394.jpg,038753
395.jpg,854178
396.jpg,233201
397.jpg,543618
398.jpg,851252
399.jpg,543674
400.jpg,107574
401.jpg,713812
402.jpg,357388
403.jpg,824653
404.jpg,222871
405.jpg,597873
406.jpg,797717
407.jpg,789993
408.jpg,514383
409.jpg,992600
410.jpg,042390
411.jpg,067754
412.jpg,164851
413.jpg,633035
414.jpg,070528
415.jpg,403304
416.jpg,271461
417.jpg,391472
418.jpg,748723
419.jpg,775764
420.jpg,749290
421.jpg,432042
422.jpg,993582
423.jpg,662280
424.jpg,319745
425.jpg,901889
426.jpg,325044
427.jpg,773460
428.jpg,178731
429.jpg,490334
430.jpg,253558
431.jpg,083382
432.jpg,273754
433.jpg,775764
434.jpg,065368
435.jpg,498428
436.jpg,597960
437.jpg,048399
438.jpg,166337
439.jpg,447030
440.jpg,825153
441.jpg,015856
442.jpg,746186
443.jpg,222886
444.jpg,372444
445.jpg,032758
446.jpg,927469
447.jpg,050635
448.jpg,466068
449.jpg,766918
450.jpg,235235
451.jpg,056839
452.jpg,737059
453.jpg,346234
454.jpg,206898
455.jpg,018567
456.jpg,663828
457.jpg,735176
458.jpg,301058
459.jpg,038565
460.jpg,164023
461.jpg,220890
462.jpg,381328
463.jpg,718055
464.jpg,383178
465.jpg,154792
466.jpg,135127
467.jpg,615151
468.jpg,219698
469.jpg,041748
470.jpg,494236
471.jpg,303661
472.jpg,609119
473.jpg,854554
474.jpg,088667
475.jpg,052142
476.jpg,184760
477.jpg,548404
478.jpg,682646
479.jpg,643382
480.jpg,447926
481.jpg,960215
482.jpg,868948
483.jpg,786733
484.jpg,241137
485.jpg,805752
486.jpg,785619
487.jpg,829757
488.jpg,651124
489.jpg,472744
490.jpg,340801
491.jpg,532352
492.jpg,392748
493.jpg,686596
494.jpg,323889
495.jpg,503760
496.jpg,807764
497.jpg,882692
498.jpg,471276
499.jpg,018761
500.jpg,986478
501.jpg,615799
502.jpg,933930
503.jpg,787361
504.jpg,150024
505.jpg,519638
506.jpg,310989
507.jpg,101686
508.jpg,670076
509.jpg,440354
510.jpg,589924
511.jpg,283725
512.jpg,540013
513.jpg,626439
514.jpg,959130
515.jpg,605137
516.jpg,787657
517.jpg,418562
518.jpg,513056
519.jpg,499123
520.jpg,098210
521.jpg,388642
522.jpg,954180
523.jpg,198728
524.jpg,787295
525.jpg,174840
526.jpg,050130
527.jpg,258894
528.jpg,766487
529.jpg,486011
530.jpg,973250
531.jpg,800620
532.jpg,566162
533.jpg,183479
534.jpg,923807
535.jpg,930680
536.jpg,160018
537.jpg,388361
538.jpg,672384
539.jpg,477010
540.jpg,132997
541.jpg,733306
542.jpg,931467
543.jpg,625139
544.jpg,491696
545.jpg,080255
546.jpg,678558
547.jpg,147192
548.jpg,119189
549.jpg,088013
550.jpg,197430
551.jpg,889200
552.jpg,861056
553.jpg,372770
554.jpg,457335
555.jpg,764427
556.jpg,562316
557.jpg,178634
558.jpg,514709
559.jpg,617092
560.jpg,970903
561.jpg,819938
562.jpg,846373
563.jpg,286390
564.jpg,170136
565.jpg,642589
566.jpg,864930
567.jpg,069818
568.jpg,597365
569.jpg,600193
570.jpg,516160
571.jpg,944160
572.jpg,944519
573.jpg,192164
574.jpg,680774
575.jpg,355438
576.jpg,026124
577.jpg,227732
578.jpg,254140
579.jpg,639414
580.jpg,236736
581.jpg,376183
582.jpg,231164
583.jpg,406982
584.jpg,464273
585.jpg,642766
586.jpg,717152
587.jpg,729228
588.jpg,974889
589.jpg,122745
590.jpg,416678
591.jpg,746124
592.jpg,091710
593.jpg,813567
594.jpg,786745
595.jpg,959966
596.jpg,434759
597.jpg,501791
598.jpg,787501
599.jpg,411558
600.jpg,726828
601.jpg,099631
602.jpg,884478
603.jpg,005255
604.jpg,892383
605.jpg,116872
606.jpg,496292
607.jpg,232914
608.jpg,211852
609.jpg,370997
610.jpg,039279
611.jpg,244834
612.jpg,558010
613.jpg,736226
614.jpg,319106
615.jpg,297418
616.jpg,897209
617.jpg,090511
618.jpg,789395
619.jpg,155127
620.jpg,821644
621.jpg,081049
622.jpg,931633
623.jpg,675183
624.jpg,263383
625.jpg,050728
626.jpg,360636
627.jpg,789904
628.jpg,032629
629.jpg,501994
630.jpg,614946
631.jpg,983112
632.jpg,863625
633.jpg,043616
634.jpg,947130
635.jpg,118215
636.jpg,626384
637.jpg,380339
638.jpg,545342
639.jpg,270156
640.jpg,635778
641.jpg,714974
642.jpg,584382
643.jpg,357878
644.jpg,773920
645.jpg,341260
646.jpg,979821
647.jpg,297816
648.jpg,370785
649.jpg,572968
650.jpg,979814
651.jpg,209752
652.jpg,820214
653.jpg,684668
654.jpg,759072
655.jpg,918893
656.jpg,734347
657.jpg,504452
658.jpg,190827
659.jpg,502648
660.jpg,442037
661.jpg,634225
662.jpg,432156
663.jpg,453891
664.jpg,756567
665.jpg,452618
666.jpg,365998
667.jpg,352834
668.jpg,815139
669.jpg,965133
670.jpg,076469
671.jpg,753975
672.jpg,900293
673.jpg,431369
674.jpg,574367
675.jpg,126097
676.jpg,038083
677.jpg,670514
678.jpg,165930
679.jpg,840054
680.jpg,829970
681.jpg,368894
682.jpg,716601
683.jpg,228872
684.jpg,295404
685.jpg,038167
686.jpg,873073
687.jpg,129467
688.jpg,515752
689.jpg,336838
690.jpg,727681
691.jpg,811074
692.jpg,894928
693.jpg,944987
694.jpg,830909
695.jpg,766865
696.jpg,590195
697.jpg,484161
698.jpg,176131
699.jpg,073797
700.jpg,844275
701.jpg,421412
702.jpg,231809
703.jpg,280138
704.jpg,430000
705.jpg,853973
706.jpg,578482
707.jpg,228289
708.jpg,795557
709.jpg,532527
710.jpg,899672
711.jpg,117464
712.jpg,303847
713.jpg,164874
714.jpg,687445
715.jpg,831441
716.jpg,538803
717.jpg,258899
718.jpg,458692
719.jpg,023061
720.jpg,737857
721.jpg,318994
722.jpg,085560
723.jpg,933782
724.jpg,365937
725.jpg,145150
726.jpg,566519
727.jpg,093295
728.jpg,297275
729.jpg,780646
730.jpg,460744
731.jpg,512717
732.jpg,978978
733.jpg,541973
734.jpg,709735
735.jpg,306511
736.jpg,012397
737.jpg,129360
738.jpg,260706
739.jpg,003186
740.jpg,567240
741.jpg,924843
742.jpg,153160
743.jpg,750692
744.jpg,569139
745.jpg,053396
746.jpg,095890
747.jpg,601984
748.jpg,018006
749.jpg,643944
750.jpg,695729
751.jpg,270880
752.jpg,334159
753.jpg,304619
754.jpg,231825
755.jpg,864481
756.jpg,513981
757.jpg,793314
758.jpg,858131
759.jpg,532735
760.jpg,983892
761.jpg,638713
762.jpg,031615
763.jpg,461093
764.jpg,399436
765.jpg,982537
766.jpg,304144
767.jpg,572538
768.jpg,085749
769.jpg,332369
770.jpg,465448
771.jpg,888400
772.jpg,578250
773.jpg,861689
774.jpg,976803
775.jpg,008849
776.jpg,899896
777.jpg,421010
778.jpg,633460
779.jpg,524986
780.jpg,145927
781.jpg,164352
782.jpg,322444
783.jpg,445569
784.jpg,387724
785.jpg,719600
786.jpg,223607
787.jpg,280211
788.jpg,955052
789.jpg,006807
790.jpg,039036
791.jpg,213012
792.jpg,662644
793.jpg,775886
794.jpg,017780
795.jpg,892529
796.jpg,147397
797.jpg,069331
798.jpg,017459
799.jpg,212379
800.jpg,393205
801.jpg,903216
802.jpg,105791
803.jpg,588621
804.jpg,434764
805.jpg,295809
806.jpg,432731
807.jpg,076277
808.jpg,715655
809.jpg,560358
810.jpg,976369
811.jpg,146916
812.jpg,973140
813.jpg,104566
814.jpg,048095
815.jpg,030390
816.jpg,160251
817.jpg,853857
818.jpg,927284
819.jpg,035536
820.jpg,900721
821.jpg,417035
822.jpg,550364
823.jpg,391822
824.jpg,308404
825.jpg,243335
826.jpg,249684
827.jpg,003813
828.jpg,563464
829.jpg,633404
830.jpg,607041
831.jpg,002010
832.jpg,794364
833.jpg,052692
834.jpg,907676
835.jpg,856348
836.jpg,392146
837.jpg,836583
838.jpg,351186
839.jpg,484634
840.jpg,288714
841.jpg,189345
842.jpg,518449
843.jpg,109372
844.jpg,163326
845.jpg,019662
846.jpg,856186
847.jpg,690943
848.jpg,674544
849.jpg,524496
850.jpg,636638
851.jpg,194315
852.jpg,800706
853.jpg,288745
854.jpg,369106
855.jpg,700524
856.jpg,445197
857.jpg,682137
858.jpg,617470
859.jpg,472420
860.jpg,455793
861.jpg,819865
862.jpg,909775
863.jpg,662977
864.jpg,653928
865.jpg,791006
866.jpg,676925
867.jpg,001754
868.jpg,429394
869.jpg,126105
870.jpg,146177
871.jpg,951240
872.jpg,947575
873.jpg,991167
874.jpg,760780
875.jpg,489716
876.jpg,932236
877.jpg,622689
878.jpg,277307
879.jpg,147824
880.jpg,052909
881.jpg,623469
882.jpg,278557
883.jpg,866204
884.jpg,843450
885.jpg,515193
886.jpg,539889
887.jpg,749502
888.jpg,564073
889.jpg,155119
890.jpg,480068
891.jpg,735713
892.jpg,718651
893.jpg,351267
894.jpg,799641
895.jpg,519405
896.jpg,181880
897.jpg,513332
898.jpg,480421
899.jpg,942425
900.jpg,446501
901.jpg,314788
902.jpg,890048
903.jpg,206446
904.jpg,194915
905.jpg,343861
906.jpg,191507
907.jpg,057833
908.jpg,464223
909.jpg,012255
910.jpg,382368
911.jpg,062497
912.jpg,152828
913.jpg,501181
914.jpg,720975
915.jpg,672430
916.jpg,360178
917.jpg,634840
918.jpg,038168
919.jpg,845901
920.jpg,606343
921.jpg,839760
922.jpg,558067
923.jpg,329635
924.jpg,991184
925.jpg,432832
926.jpg,437052
927.jpg,541750
928.jpg,525386
929.jpg,414338
930.jpg,460037
931.jpg,136125
932.jpg,578968
933.jpg,964069
934.jpg,614177
935.jpg,484176
936.jpg,512685
937.jpg,846285
938.jpg,255651
939.jpg,476815
940.jpg,285343
941.jpg,485341
942.jpg,834986
943.jpg,832007
944.jpg,678712
945.jpg,957858
946.jpg,120136
947.jpg,808267
948.jpg,294792
949.jpg,883273
950.jpg,994240
951.jpg,379551
952.jpg,333856
953.jpg,038821
954.jpg,062925
955.jpg,263207
956.jpg,141884
957.jpg,033863
958.jpg,289031
959.jpg,675210
960.jpg,567786
961.jpg,655104
962.jpg,698070
963.jpg,584060
964.jpg,927570
965.jpg,589371
966.jpg,626254
967.jpg,680731
968.jpg,903041
969.jpg,924540
970.jpg,818674
971.jpg,631327
972.jpg,365436
973.jpg,793858
974.jpg,715729
975.jpg,487366
976.jpg,872333
977.jpg,710508
978.jpg,035191
979.jpg,588878
980.jpg,505511
981.jpg,919721
982.jpg,460088
983.jpg,487349
984.jpg,830022
985.jpg,940339
986.jpg,333372
987.jpg,677419
988.jpg,968312
989.jpg,359680
990.jpg,307097
991.jpg,260141
992.jpg,223571
993.jpg,154720
994.jpg,264084
995.jpg,788461
996.jpg,517902
997.jpg,559183
998.jpg,810058
999.jpg,631884
1000.jpg,059461
